asistencia,calificaciones,entregas,riesgo
69.4,7.21,58.9,1
78.4,4.86,45.2,1
82.1,7.5,88.3,0
75.8,6.93,37.9,1
84.8,8.58,67.6,0
88.6,8.24,77.3,0
75.7,2.24,73.9,1
92.0,8.21,69.3,0
82.7,5.55,47.0,1
58.2,4.39,47.9,1
77.8,6.75,60.4,0
66.0,7.48,53.0,0
78.2,4.44,86.5,0
71.7,8.06,49.8,0
86.6,8.45,81.5,0
57.3,6.72,61.8,1
85.7,5.83,90.8,1
94.1,5.81,79.4,0
66.9,8.48,77.0,0
64.3,4.37,61.0,1
84.6,8.9,82.3,0
74.3,6.72,47.0,0
72.0,6.79,28.6,0
94.0,4.65,87.1,0
57.8,6.42,66.1,1
79.4,8.07,79.8,0
83.9,5.04,67.4,1
77.5,7.85,93.9,0
71.3,7.07,60.9,1
57.0,5.61,65.5,1
64.4,8.16,72.6,0
64.4,3.26,89.4,1
77.9,7.61,67.0,0
94.8,9.99,72.1,0
52.6,8.86,34.1,1
97.8,8.08,100.0,0
79.9,6.61,79.2,1
85.4,6.19,83.0,1
61.4,6.24,100.0,0
84.4,8.06,80.5,0
37.2,4.95,27.8,1
71.3,8.14,64.8,0
84.7,10.0,61.2,0
90.3,7.21,73.2,0
87.2,5.09,71.3,0
88.7,5.12,69.4,0
77.9,8.3,50.8,0
37.3,6.15,71.3,0
88.8,8.68,82.7,0
81.6,6.28,70.6,1
78.5,8.4,83.4,0
72.0,6.69,75.3,0
54.8,5.42,62.0,0
70.7,6.27,77.7,0
66.7,4.92,67.0,1
79.2,10.0,82.6,0
77.3,6.89,82.7,0
94.7,8.42,84.2,0
57.5,5.79,56.2,1
96.5,5.75,100.0,0
35.1,5.83,38.9,1
93.4,9.13,86.9,0
95.3,6.57,88.4,0
92.7,5.96,71.5,0
88.8,7.52,66.2,0
81.9,7.94,68.8,0
72.1,9.57,60.9,0
78.5,7.64,50.3,0
86.6,8.26,67.2,0
54.0,7.73,61.4,1
66.6,4.99,83.9,0
79.2,5.54,80.8,0
93.1,5.63,41.9,1
82.7,5.02,84.3,0
53.7,7.85,48.9,0
71.1,7.39,74.5,1
32.5,6.28,44.3,1
83.4,3.02,72.1,1
65.9,10.0,63.0,0
63.8,5.34,62.9,1
81.8,10.0,94.2,0
74.3,4.67,69.3,1
67.3,5.55,81.7,0
82.8,3.63,88.8,1
63.2,7.34,72.9,0
86.9,5.48,50.4,1
71.4,5.21,84.6,1
74.0,4.78,62.5,1
44.4,7.63,62.4,1
76.8,8.17,56.5,0
79.8,9.99,55.1,0
81.0,6.02,100.0,0
91.2,7.67,65.4,0
92.5,5.29,97.7,0
66.2,6.29,66.5,0
53.6,5.74,50.9,0
64.9,7.54,63.2,0
94.8,9.02,62.4,0
62.0,8.33,62.0,0
71.3,5.58,51.5,0
75.2,8.6,64.2,0
68.2,6.79,79.8,1
78.0,6.54,75.6,0
94.1,6.25,59.3,0
37.9,5.36,60.5,1
60.4,9.5,61.1,0
72.3,7.44,60.2,0
85.3,7.49,87.4,0
56.5,6.21,56.4,0
82.0,10.0,56.7,0
62.8,8.84,90.4,0
82.4,5.99,74.2,0
70.6,6.47,66.1,0
58.6,6.33,54.1,1
85.3,7.44,93.9,0
86.9,6.12,69.3,0
80.2,7.81,49.9,0
95.0,9.72,71.8,0
72.1,4.84,88.2,0
80.2,5.3,85.6,0
65.9,6.04,60.7,1
83.7,6.47,95.8,1
77.7,10.0,82.8,0
86.7,8.84,73.0,0
59.9,8.21,58.5,0
86.7,6.81,82.0,0
95.3,6.95,69.7,0
34.0,3.86,45.5,1
36.6,7.48,51.6,0
92.6,8.14,55.3,0
67.0,8.9,62.4,0
70.4,6.57,62.7,1
47.4,6.22,68.9,1
69.1,7.15,38.8,0
83.5,8.6,69.4,0
93.0,5.01,73.6,0
98.0,8.64,98.2,0
55.7,6.58,57.8,0
72.3,5.25,95.4,0
77.3,3.71,81.3,1
80.4,6.89,67.1,0
88.6,9.59,81.8,0
74.2,9.66,64.2,0
65.0,7.37,76.9,1
68.1,10.0,45.9,0
58.6,6.6,47.8,1
60.2,8.23,67.9,0
79.5,6.37,91.1,0
93.1,6.54,47.8,0
92.1,6.26,100.0,0
90.5,4.01,77.2,1
74.3,9.05,41.3,0
72.1,5.92,23.2,1
90.5,6.03,56.4,1
96.2,5.54,82.4,0
89.4,6.96,77.6,0
58.8,9.5,69.8,0
78.9,10.0,64.1,0
72.9,4.3,52.1,1
87.9,6.69,71.6,1
89.7,5.64,79.3,0
77.6,8.63,75.0,1
94.9,7.86,70.1,0
90.5,6.29,92.8,0
93.5,7.49,71.8,0
53.0,5.8,43.8,1
80.7,9.7,65.3,0
50.4,7.38,71.4,0
77.0,8.11,69.2,0
94.3,3.12,71.2,0
60.9,6.61,75.4,1
58.0,9.99,91.9,0
85.8,9.34,79.6,0
67.0,3.88,83.7,1
61.7,6.23,77.6,1
68.8,4.95,57.2,1
91.0,10.0,80.0,0
70.1,7.29,47.8,0
93.0,6.13,77.7,0
92.0,7.39,70.8,0
75.8,2.84,64.4,1
71.5,5.19,56.7,0
68.3,6.92,61.7,0
97.9,8.81,91.7,0
64.5,3.68,61.9,1
59.2,6.07,32.6,1
77.5,8.67,60.3,0
95.9,5.1,59.8,0
92.7,7.72,84.3,0
53.0,6.67,64.4,1
74.2,9.73,73.3,0
40.8,5.95,37.7,1
58.7,6.4,63.9,1
76.5,8.4,63.9,0
78.6,4.95,55.1,0
38.3,5.91,59.1,0
78.9,6.35,84.6,0
66.3,6.6,79.0,0
51.5,7.89,46.8,0
76.8,7.92,88.7,0
79.8,5.9,65.5,0
96.4,7.65,92.6,0
71.3,9.31,60.1,0
64.3,5.46,60.2,1
86.1,7.45,40.4,0
77.7,6.74,67.1,0
86.5,7.13,78.3,0
70.0,4.29,60.8,1
88.9,9.54,100.0,0
57.3,5.41,41.9,0
80.3,8.75,64.7,0
79.5,6.1,59.1,0
48.0,5.46,45.3,1
69.3,8.83,82.0,0
37.3,7.84,69.5,1
76.9,7.37,60.7,1
79.8,8.31,62.0,0
90.4,6.85,61.9,0
85.7,7.2,96.0,0
74.8,5.94,86.7,1
69.5,8.34,65.1,0
57.7,5.54,38.7,0
73.3,9.34,49.4,0
84.7,6.69,78.4,0
91.9,7.37,88.4,0
78.6,8.29,41.1,0
64.0,6.82,58.6,0
81.8,6.66,98.3,0
75.6,6.96,67.1,0
87.0,8.67,99.5,0
68.3,5.81,75.7,0
70.4,6.71,51.0,1
73.0,6.98,64.4,0
78.4,8.45,70.1,0
75.4,6.85,56.0,1
80.9,10.0,59.0,0
51.1,6.27,78.3,1
72.2,6.56,53.6,1
74.9,6.72,86.1,0
95.9,5.31,76.0,1
88.4,5.61,77.6,1
73.4,6.12,77.5,0
93.9,9.2,72.4,0
80.4,7.06,81.8,0
86.0,6.44,45.9,0
90.1,9.27,85.7,0
95.4,9.89,45.2,0
77.6,9.06,68.1,0
93.9,6.01,94.1,0
61.9,5.95,71.5,0
87.9,10.0,58.3,0
80.7,7.5,55.9,0
82.3,6.72,64.1,0
67.8,8.01,68.5,0
93.6,8.98,50.7,0
87.5,6.34,77.3,1
82.0,7.49,78.9,0
74.3,8.47,65.3,0
93.4,5.51,88.9,0
60.3,6.73,64.6,1
80.9,5.34,65.4,0
74.0,5.41,40.3,1
57.3,5.75,61.4,1
79.1,7.85,58.2,0
87.6,6.74,68.9,0
93.0,6.32,88.0,0
76.8,7.12,92.3,0
82.3,5.31,73.8,0
87.1,7.93,85.6,0
87.4,9.06,55.7,0
87.4,7.12,81.1,0
90.2,6.98,78.2,0
73.2,7.56,87.4,0
93.2,4.12,72.8,1
88.0,8.12,74.1,0
83.1,10.0,90.7,0
64.3,6.59,62.2,0
74.9,6.81,53.3,0
90.0,8.49,100.0,0
85.5,9.84,60.1,0
74.3,8.55,68.6,0
87.6,3.8,82.7,0
80.4,8.01,77.3,0
76.6,10.0,68.1,0
59.7,7.69,58.0,1
70.9,5.07,64.0,1
77.5,7.5,54.8,0
62.2,4.7,94.6,1
86.0,9.19,73.3,0
72.4,5.42,77.4,0
71.0,7.04,62.6,0
95.9,6.05,77.2,0
92.7,6.48,73.8,0
42.4,8.73,27.2,0
95.7,7.58,80.0,0
91.5,6.43,73.8,0
72.7,5.12,86.2,0
75.2,4.01,52.2,1
57.7,4.65,51.0,1
61.5,6.91,48.5,0
57.3,8.21,81.0,0
85.4,6.31,63.2,0
74.9,9.51,78.4,0
84.5,6.04,90.3,0
85.2,6.82,73.9,1
90.3,5.58,58.5,1
31.1,7.71,23.2,1
76.3,10.0,83.7,0
87.2,4.43,58.4,1
92.3,6.79,86.2,0
87.5,9.27,79.2,0
60.9,4.4,67.2,1
77.1,7.95,78.3,0
95.8,9.37,68.5,0
37.6,6.38,32.9,1
86.8,8.12,87.8,0
83.3,9.98,65.5,0
83.7,10.0,33.9,0
66.9,6.74,74.8,1
62.5,5.9,46.9,1
79.6,5.62,79.7,0
88.2,8.83,98.8,0
39.6,4.1,49.0,1
79.3,6.68,87.5,0
87.1,7.41,79.6,0
39.4,5.48,72.4,1
85.7,7.66,60.5,0
41.5,10.0,49.7,1
29.2,5.89,52.6,1
62.4,6.05,59.6,1
55.6,8.24,75.6,0
64.0,7.16,56.9,0
92.6,9.66,100.0,0
96.0,7.68,100.0,0
92.4,6.95,84.7,0
54.0,3.73,65.7,1
84.0,4.59,93.3,1
86.3,4.29,58.9,0
93.7,7.98,61.5,0
68.4,4.69,84.9,0
73.6,8.98,73.3,0
77.0,7.09,67.8,0
72.8,6.56,68.8,0
62.1,5.39,26.5,1
73.5,7.97,66.2,0
54.7,5.31,46.5,1
58.2,5.09,73.7,1
45.4,8.31,67.1,1
90.5,7.88,87.9,0
46.1,6.05,58.6,1
55.8,7.64,36.0,1
92.4,7.36,89.3,0
81.6,7.75,83.4,0
73.8,5.67,88.0,1
51.7,9.85,87.8,0
92.1,6.41,54.9,1
83.1,9.65,69.0,0
55.2,6.3,47.0,1
54.3,7.88,60.2,0
91.2,8.5,80.0,0
62.5,8.58,59.0,0
24.2,4.64,54.9,1
60.4,8.43,44.7,0
58.7,9.63,44.6,0
64.4,6.37,48.3,1
75.8,7.07,65.1,0
73.0,6.12,50.4,1
63.8,6.22,62.5,0
92.7,10.0,78.1,0
40.3,4.7,37.4,1
55.3,5.1,71.3,1
36.5,8.81,46.0,1
77.0,8.04,87.1,0
89.8,10.0,76.0,0
78.8,6.36,71.9,0
85.1,7.4,67.6,0
85.7,6.16,76.3,0
66.9,7.07,75.8,1
81.2,4.28,67.5,0
70.7,8.01,75.2,0
52.0,7.06,44.0,1
86.8,7.14,88.4,0
85.6,6.59,67.6,1
77.6,5.62,84.3,0
82.4,8.31,75.4,0
77.1,5.17,94.1,1
79.7,7.91,55.5,0
64.0,10.0,41.2,0
76.9,9.41,61.9,0
59.9,4.29,40.2,1
74.2,6.12,48.8,0
77.5,7.72,80.8,0
94.6,7.28,81.7,0
75.8,4.78,63.3,1
48.3,7.08,48.2,1
81.6,7.12,65.0,0
92.7,10.0,100.0,0
87.8,6.85,66.6,1
76.7,8.9,51.2,1
77.4,5.02,83.4,0
49.2,4.84,51.3,1
41.5,7.48,80.5,1
83.4,8.9,67.2,0
74.2,5.45,82.2,0
96.4,7.47,99.1,0
70.1,4.69,59.2,1
71.3,6.64,56.7,0
74.8,8.34,81.0,0
70.4,6.21,75.9,1
72.6,6.55,47.4,1
68.4,5.06,49.1,1
92.3,6.31,42.3,0
78.8,9.89,81.2,0
64.9,6.91,60.0,1
69.8,5.29,64.4,1
52.1,6.04,30.9,1
59.3,4.13,44.1,1
75.1,5.38,62.9,0
74.7,9.17,59.7,0
60.9,6.49,63.3,0
91.5,10.0,88.6,0
82.2,6.99,100.0,0
75.0,6.94,69.7,0
75.3,8.03,86.9,0
66.6,2.56,52.5,1
87.3,7.57,52.3,0
97.7,7.38,78.4,0
85.0,9.58,52.1,0
97.8,9.0,83.9,0
74.6,5.18,58.1,1
90.6,9.3,50.0,0
34.5,5.77,71.8,1
84.6,5.75,67.7,0
78.0,7.37,47.2,0
47.8,6.13,67.1,1
74.2,9.45,58.6,0
95.4,7.95,98.6,0
65.6,7.14,53.4,0
89.1,8.72,70.3,0
62.8,8.51,67.9,0
88.0,8.51,86.7,0
86.2,9.5,88.3,0
63.9,7.75,62.0,1
92.2,7.61,88.3,0
54.0,8.56,68.6,0
76.6,6.89,74.0,0
84.7,7.25,73.7,0
49.0,9.24,32.8,0
44.2,8.98,60.5,0
81.2,7.11,74.4,0
76.9,6.31,64.9,1
67.0,9.18,84.4,0
74.0,8.26,48.0,0
56.4,7.13,83.5,1
59.3,6.17,60.2,1
63.8,7.31,68.1,1
73.1,6.93,63.0,0
88.0,6.2,52.8,1
72.0,7.15,66.1,1
81.3,7.55,78.8,0
69.2,6.28,76.7,0
94.0,8.83,78.5,0
56.0,8.68,25.7,0
69.8,8.45,43.8,1
55.0,6.16,88.8,0
82.6,8.36,58.2,0
81.9,7.26,95.5,0
78.9,5.1,58.3,1
88.9,8.36,75.6,0
30.7,6.35,52.8,1
38.0,10.0,35.5,0
74.4,9.32,93.5,0
71.4,8.07,69.0,0
96.5,7.83,89.8,0
65.4,7.07,60.2,1
50.0,4.89,64.9,1
90.4,4.52,100.0,1
72.4,5.55,66.5,1
67.4,6.77,91.4,0
45.7,3.05,43.3,1
94.1,6.51,92.9,0
56.0,6.22,66.0,1
54.6,6.25,41.7,1
94.8,6.34,85.1,0
68.9,6.33,66.4,1
88.2,10.0,65.1,0
39.3,7.35,54.0,1
86.8,6.34,79.3,0
86.7,7.12,75.9,0
81.9,7.09,73.1,0
68.3,5.64,64.6,1
65.1,5.57,58.6,0
50.1,8.12,57.1,0
79.7,6.42,63.2,1
86.9,5.49,100.0,0
79.4,7.02,51.5,1
89.9,7.49,70.1,0
68.5,3.71,58.5,1
81.1,7.06,100.0,0
93.1,8.75,61.0,0
63.7,7.5,69.6,1
56.6,10.0,62.7,0
87.0,9.24,82.2,0
86.4,9.55,95.4,0
89.1,10.0,96.7,0
93.3,8.58,74.2,0
56.5,6.89,61.8,1
79.1,8.64,44.5,0
69.7,6.0,68.3,0
70.5,7.08,55.4,1
85.5,6.17,73.5,0
92.1,7.98,55.0,0
26.9,5.0,47.2,1
84.0,6.08,49.9,0
91.4,7.99,82.1,0
83.0,6.94,56.4,0
77.2,3.96,58.6,1
96.2,5.09,100.0,0
78.1,5.23,80.7,1
46.1,5.01,69.9,1
49.8,7.16,78.3,0
84.8,7.55,64.3,0
76.9,8.74,93.6,0
65.8,8.02,42.5,1
87.4,8.96,88.7,0
54.4,7.56,50.3,1
64.1,7.12,49.5,0
77.3,8.81,80.6,0
74.8,8.47,84.1,0
89.6,7.89,92.5,0
46.5,8.46,56.1,1
78.9,3.33,74.3,1
85.2,6.74,84.0,0
74.8,6.51,74.4,0
40.0,8.14,57.1,1
85.1,9.72,79.1,0
75.3,4.69,82.8,1
66.3,9.08,40.4,1
70.6,5.04,65.4,0
53.2,4.74,36.1,1
89.1,6.91,82.6,0
74.7,6.49,94.5,0
73.3,4.47,61.9,1
53.9,7.62,59.3,1
89.2,8.37,89.8,0
47.9,8.15,22.7,1
91.8,6.64,72.2,0
80.8,7.05,79.0,0
82.9,7.11,31.3,0
62.8,9.46,48.0,0
64.3,2.25,80.1,1
66.3,5.29,79.8,0
69.6,6.9,72.4,0
70.4,5.17,80.5,1
90.6,6.9,82.6,0
48.6,6.27,62.5,0
93.3,6.31,76.2,0
69.8,7.0,68.6,0
49.8,7.5,45.4,0
55.3,6.23,77.1,1
62.6,6.03,85.4,1
56.7,6.37,79.7,0
79.9,7.09,66.8,1
98.9,4.69,70.0,1
71.8,7.67,87.2,0
76.2,6.3,78.9,0
79.9,9.12,77.9,0
74.8,7.94,60.4,0
72.1,8.81,74.6,0
71.4,5.31,51.5,1
78.2,6.47,81.4,0
71.1,4.93,88.4,1
92.9,6.23,100.0,0
67.6,8.86,76.2,0
74.7,9.37,49.1,0
65.6,4.97,67.3,1
84.0,6.45,100.0,0
85.0,7.08,63.0,0
98.9,8.42,83.5,0
49.5,3.67,75.9,1
65.1,4.24,73.3,1
35.3,6.99,83.4,1
66.0,3.7,53.6,1
41.0,5.6,34.7,0
54.1,6.84,75.8,1
82.0,7.8,56.2,0
63.8,6.55,60.3,1
66.2,6.24,63.7,1
39.2,7.64,64.1,1
92.0,7.8,89.4,0
69.3,5.85,73.4,1
66.9,6.9,59.1,1
81.2,7.74,91.9,0
50.3,9.25,100.0,0
42.4,7.61,60.8,1
87.4,9.19,79.0,0
76.7,6.06,51.5,1
78.7,6.24,62.7,1
89.1,6.9,75.2,0
98.5,7.24,76.1,0
92.8,5.74,80.4,0
90.9,9.34,100.0,0
96.9,8.85,100.0,0
85.0,6.71,73.6,0
88.2,8.29,59.8,0
80.5,7.47,93.4,0
88.1,8.41,77.1,0
82.7,5.0,48.7,1
55.2,6.37,68.8,1
62.7,6.66,78.0,1
64.5,7.79,27.3,1
58.9,5.67,48.0,0
81.9,3.14,72.5,1
85.3,5.48,87.2,1
63.6,6.67,55.4,0
68.6,6.97,53.7,1
95.5,10.0,93.2,0
59.2,7.62,53.5,1
80.1,7.23,81.2,0
58.8,6.62,43.6,0
67.8,8.62,45.4,0
68.7,5.93,77.5,0
83.6,6.95,79.0,0
68.0,5.12,79.6,0
66.9,9.11,57.1,0
89.0,7.91,66.5,0
77.2,5.91,91.7,1
69.6,6.71,43.9,0
78.6,7.89,90.9,0
87.9,6.86,97.6,0
70.4,6.05,80.2,0
81.2,6.08,63.4,1
92.1,7.89,68.0,0
76.5,6.46,67.7,1
87.4,6.52,58.0,0
83.3,5.03,60.6,1
97.1,7.57,92.9,0
61.6,6.44,71.7,0
85.3,6.69,60.4,0
93.7,7.69,91.3,0
74.3,8.18,76.4,0
79.3,8.21,95.2,0
90.4,8.19,87.8,0
74.7,6.61,85.7,0
66.3,5.92,71.9,1
78.9,5.41,87.0,1
81.9,6.19,54.8,0
65.5,6.84,62.5,0
66.8,5.58,64.5,0
89.1,7.44,74.8,0
91.7,5.79,86.7,0
86.7,4.58,86.5,0
56.9,7.95,65.0,1
91.9,6.58,77.5,0
80.8,5.78,62.4,0
86.0,5.47,93.1,0
68.4,7.55,71.3,1
86.6,9.43,61.7,0
73.8,6.33,66.4,0
71.4,6.58,41.7,1
39.1,8.0,49.0,1
73.4,4.07,66.1,1
86.0,10.0,68.0,0
88.1,10.0,100.0,0
61.4,2.4,44.5,1
84.1,7.03,86.0,0
80.5,5.96,100.0,0
73.2,6.54,85.1,0
83.0,6.49,74.3,0
69.2,8.18,49.5,0
95.9,7.24,62.1,0
74.1,5.53,63.3,1
81.6,6.86,63.7,0
86.5,8.05,66.1,0
86.1,5.33,71.8,0
44.4,3.75,50.1,1
92.8,10.0,87.9,0
75.6,5.98,51.8,1
46.7,6.21,42.8,1
83.2,6.53,72.5,0
91.2,8.2,76.8,0
73.1,9.8,96.4,0
77.5,7.98,75.0,0
78.5,4.64,47.9,0
39.6,4.08,55.1,1
62.0,6.1,70.4,1
72.4,6.52,66.6,0
60.5,3.96,43.1,1
96.0,8.73,100.0,0
89.7,5.56,62.8,0
79.2,9.47,82.4,0
83.0,10.0,77.8,0
92.7,6.96,89.7,0
79.0,7.78,98.0,0
82.8,5.18,83.1,1
82.8,8.15,66.3,0
83.3,6.37,91.6,0
84.6,5.45,66.3,1
56.7,6.17,61.5,1
66.8,6.09,45.7,1
83.3,6.64,59.5,0
81.9,8.66,74.9,0
60.8,5.46,67.0,0
79.2,9.86,47.0,0
70.0,4.78,74.5,1
61.0,9.31,49.3,0
92.4,5.72,99.6,0
73.2,6.96,63.6,1
62.4,5.96,45.6,1
92.1,6.79,81.4,1
56.9,7.92,45.4,1
83.0,9.56,93.9,0
84.9,9.1,75.9,0
59.2,6.04,58.2,1
97.0,7.73,92.1,0
80.1,5.85,58.0,1
95.0,5.81,62.7,0
63.2,4.93,69.0,1
68.2,6.16,49.4,0
80.9,7.52,57.0,0
82.5,4.09,87.1,1
87.6,7.18,85.5,0
64.7,9.22,45.0,0
94.8,9.19,72.6,0
72.3,6.01,54.8,0
69.8,4.66,93.5,1
98.9,8.21,97.9,0
68.7,3.17,59.9,1
80.5,8.89,81.9,0
57.8,6.31,39.3,1
83.1,10.0,64.7,0
70.0,4.14,68.5,1
23.8,7.44,46.0,1
51.1,6.36,54.2,0
71.6,6.4,71.7,0
64.7,4.6,65.0,1
85.7,8.17,74.0,0
44.4,7.47,47.2,0
92.4,10.0,74.0,0
79.0,8.69,75.9,0
62.2,5.79,68.5,0
83.9,5.57,78.3,0
87.6,5.06,59.9,1
73.6,9.33,54.2,0
91.6,6.09,86.0,0
67.7,9.22,87.7,0
66.9,7.68,67.4,1
94.0,7.91,75.2,0
91.2,6.83,83.1,0
95.4,8.46,65.2,0
57.4,6.62,79.1,1
85.9,6.63,79.3,0
85.2,8.32,66.1,0
65.8,6.59,62.0,1
70.6,5.63,59.4,1
59.5,7.65,80.4,0
76.7,6.93,68.0,0
81.7,7.92,76.4,0
78.4,6.34,80.6,0
78.8,5.14,61.2,1
62.2,9.52,65.2,0
70.3,9.38,71.3,1
74.9,8.41,46.6,0
71.9,6.32,71.9,0
78.4,6.59,71.4,0
89.5,9.5,80.6,0
68.3,6.3,66.5,1
93.1,6.35,84.8,0
93.4,10.0,100.0,0
61.6,6.66,44.3,0
53.7,9.4,52.1,0
83.3,4.93,85.0,0
77.9,7.89,79.0,0
87.0,10.0,84.1,0
83.2,7.21,100.0,0
87.9,6.84,87.0,1
75.9,5.15,87.5,0
83.8,8.91,70.7,0
62.4,5.52,47.5,0
73.9,6.83,64.6,0
75.4,5.03,80.9,1
81.1,9.61,79.7,0
49.5,8.34,60.8,0
55.5,6.56,55.1,1
74.1,5.14,63.9,1
73.0,9.42,66.1,0
71.5,6.34,78.8,1
74.8,5.23,82.5,0
62.7,3.93,47.5,1
77.6,6.02,83.0,1
88.6,4.94,68.4,1
81.3,6.13,80.8,1
56.0,7.81,55.7,0
94.5,6.79,100.0,0
94.0,7.95,75.2,0
90.1,6.14,81.7,0
87.5,7.35,86.6,0
85.8,10.0,63.4,0
56.3,6.07,57.7,1
87.4,7.86,73.4,0
86.0,4.71,68.9,1
89.3,9.72,72.0,0
64.5,6.03,80.4,1
82.5,8.83,65.5,0
69.5,6.69,75.2,1
91.8,8.32,84.8,0
39.0,7.35,27.5,1
76.4,6.3,78.6,0
92.9,9.11,59.6,0
65.7,5.6,73.8,1
93.4,8.61,73.4,0
79.2,6.46,72.6,0
79.4,7.65,53.2,0
89.3,6.55,80.4,0
42.1,6.42,64.2,0
80.5,5.39,61.2,1
75.4,7.41,61.2,0
89.1,7.35,85.3,0
62.2,5.88,69.5,1
65.9,6.73,28.0,1
70.8,7.13,97.7,0
63.4,5.78,71.0,0
73.1,6.76,79.3,0
74.7,5.39,67.7,0
78.8,10.0,44.4,0
71.7,8.63,78.2,0
63.8,7.21,54.8,1
66.3,8.7,73.0,0
59.4,3.52,57.4,1
63.2,2.67,66.5,1
78.4,6.43,60.4,0
75.7,4.81,83.4,1
78.2,6.69,54.1,0
95.5,7.74,100.0,0
72.6,8.43,100.0,0
72.9,5.14,93.2,0
62.3,7.39,81.5,0
98.9,7.5,83.0,0
93.3,7.92,98.5,0
73.8,6.15,67.9,0
80.2,9.32,49.8,0
82.5,6.99,97.1,0
63.1,9.6,79.8,0
91.2,6.06,79.2,0
53.3,7.75,38.6,0
77.0,6.95,62.4,1
81.2,6.6,46.4,0
61.0,7.73,75.8,0
62.8,6.28,38.6,1
91.7,3.07,84.3,1
85.9,2.32,63.9,1
95.0,9.44,60.6,0
50.6,8.48,58.9,0
65.3,9.83,59.2,0
78.2,7.03,84.5,0
79.6,5.02,53.7,1
90.0,6.63,67.7,0
76.6,7.05,35.1,0
46.6,4.82,20.2,1
62.2,9.38,89.3,0
81.6,10.0,100.0,0
32.2,6.91,45.7,1
83.3,7.15,62.6,1
74.1,4.91,65.0,1
56.3,9.1,71.9,1
69.2,7.01,58.8,0
43.7,5.91,54.8,1
95.4,8.18,82.0,0
88.9,6.34,69.8,0
73.0,7.2,60.9,1
81.0,4.81,78.0,1
70.9,8.66,52.9,0
74.7,6.83,76.6,0
78.9,8.93,65.3,0
79.5,6.77,74.6,0
67.9,6.64,86.5,0
87.6,5.31,75.1,1
73.9,8.19,83.2,0
86.4,5.83,50.0,0
87.0,6.46,70.2,0
94.8,7.4,82.3,0
72.0,7.13,97.1,0
68.2,4.14,36.5,1
80.7,6.75,72.0,0
79.8,8.37,94.7,0
92.3,6.74,68.6,0
54.6,6.23,54.6,1
85.3,7.47,81.2,0
72.1,6.74,71.0,0
43.3,4.72,74.4,1
76.0,6.96,77.3,0
77.6,8.64,91.5,0
74.3,5.31,64.2,0
33.7,5.58,34.1,1
48.3,4.26,50.6,1
85.4,8.71,58.8,0
80.4,6.96,80.5,0
93.1,6.0,75.1,0
69.0,7.03,56.3,0
64.1,4.86,70.9,1
86.6,5.58,59.8,1
71.5,4.59,79.5,1
89.7,5.59,71.6,0
83.8,9.35,92.6,0
59.3,5.51,54.7,1
58.8,7.42,69.7,0
85.7,5.87,79.1,0
43.4,7.58,62.2,0
38.3,4.62,49.6,1
91.5,7.39,55.0,0
73.4,7.05,84.2,0
69.4,10.0,65.3,0
54.0,7.59,69.3,1
71.7,5.99,78.4,0
94.9,8.49,70.4,0
65.0,10.0,50.3,0
97.1,4.83,93.1,1
82.0,5.79,69.7,0
70.1,6.52,81.1,0
69.6,6.22,64.1,0
62.3,6.21,77.7,0
92.0,5.25,86.5,0
73.2,9.21,73.2,0
80.9,4.84,67.9,1
74.3,6.67,73.1,0
84.4,8.86,93.5,0
80.7,7.07,72.6,0
62.5,5.18,70.5,1
69.9,4.74,67.6,1
66.1,6.45,66.5,1
78.5,5.86,97.9,0
85.9,7.55,94.6,0
50.6,4.27,56.5,1
84.2,8.48,78.7,0
85.5,7.4,65.8,0
67.1,7.15,62.7,0
60.1,9.01,65.7,0
75.4,6.31,83.0,0
85.2,6.04,87.4,0
80.2,6.23,56.5,0
72.0,6.63,82.9,1
67.4,6.7,64.1,0
92.1,6.01,65.4,0
71.4,3.69,87.9,1
74.4,6.09,91.6,0
90.8,7.89,83.4,0
64.9,7.02,74.6,1
68.6,8.79,77.7,0
66.1,9.95,85.6,0
43.2,7.58,61.9,0
83.7,9.39,55.3,0
81.3,8.35,100.0,0
54.5,9.33,73.7,0
83.9,10.0,67.7,0
61.9,8.26,46.7,1
89.9,8.43,86.5,0
55.1,6.27,53.9,1
84.7,7.13,80.8,0
58.8,6.14,71.5,1
79.1,8.08,64.0,0
75.8,5.86,53.7,0
62.8,6.45,68.5,1
73.7,3.21,61.2,1
85.3,9.96,78.4,0
76.1,6.67,50.5,0
83.7,7.9,71.4,1
72.4,9.28,79.1,0
75.7,7.49,79.5,0
71.8,9.25,56.2,0
83.0,5.17,57.3,0
90.6,10.0,79.6,0
62.4,8.49,70.8,0
84.2,7.52,81.6,0
95.5,9.69,74.6,0
28.1,4.19,46.3,1
69.1,6.42,89.0,0
65.6,9.12,67.4,0
64.8,3.81,39.4,1
95.0,8.3,85.1,0
58.8,7.53,90.9,1
81.7,10.0,54.7,0
60.9,4.19,62.0,1
72.0,9.52,64.8,0
69.6,6.0,68.2,1
86.1,6.51,79.6,0
76.4,5.07,88.0,1
80.5,5.37,74.6,0
79.5,7.73,91.8,0
88.2,5.48,76.2,0
92.4,8.53,75.2,0
86.9,6.18,67.1,0
69.5,4.95,39.5,1
83.9,6.33,79.5,0
86.9,7.78,100.0,0
81.4,6.68,80.7,0
65.9,6.87,74.9,1
89.8,8.41,72.7,0
75.5,8.74,66.6,0
88.4,6.77,92.8,0
64.1,5.11,93.6,0
79.7,7.22,95.2,0
88.7,8.03,90.3,0
93.1,5.02,81.4,1
79.8,5.67,76.0,0
90.8,6.17,68.2,0
88.9,6.95,56.6,0
93.2,6.15,64.0,0
78.4,8.2,72.8,0
71.5,4.36,63.5,1
62.9,4.23,40.7,1
72.6,6.42,68.0,0
75.8,6.74,65.7,1
86.7,4.91,59.5,1
88.3,6.29,72.4,0
79.6,6.45,67.9,0
90.8,6.69,70.2,0
54.5,6.83,71.6,1
83.2,6.1,46.3,1
91.2,9.69,49.9,0
41.2,7.11,49.8,1
61.9,5.45,63.6,0
75.5,7.16,76.4,0
89.3,7.49,70.5,1
98.2,9.41,70.2,0
79.9,6.14,72.8,0
83.8,8.4,68.7,0
90.6,7.38,100.0,0
86.2,9.61,71.9,0
69.6,8.96,65.9,0
60.7,7.03,98.5,1
91.0,6.9,76.7,1
93.5,8.18,89.4,0
79.1,6.79,82.1,0
95.2,10.0,93.1,0
97.7,7.58,88.0,0
92.5,6.7,83.4,0
52.2,5.81,57.8,1
93.5,5.43,72.5,0
59.2,7.57,65.4,0
59.7,5.38,91.2,1
89.2,9.04,96.7,0
67.9,4.79,70.3,1
69.3,7.09,79.4,0
85.8,9.06,63.4,0
43.9,2.93,47.4,1
92.1,10.0,94.5,0
92.4,6.67,100.0,0
97.1,7.67,71.7,0
90.1,8.22,71.8,0
86.5,8.39,100.0,0
81.0,7.56,75.1,0
60.6,8.31,88.7,0
69.4,7.72,69.8,0
95.0,10.0,85.7,0
87.6,8.09,73.0,0
92.6,10.0,94.7,0
82.4,8.59,94.8,0
76.3,4.14,55.2,1
84.0,10.0,70.1,0
76.0,6.1,84.3,0
76.2,9.42,68.8,0
89.1,7.33,71.1,0
35.4,7.91,61.4,1
84.9,6.1,92.5,0
83.5,8.17,68.4,0
94.6,6.99,85.0,0
74.9,9.52,51.8,0
86.3,7.93,63.3,0
76.9,8.54,73.0,0
84.0,3.72,75.9,1
82.2,7.01,59.8,0
68.5,7.53,55.4,1
50.8,6.87,39.5,1
83.9,8.72,82.2,0
73.8,6.39,39.7,0
75.4,7.09,55.1,0
78.0,8.95,43.8,0
91.0,3.67,85.9,0
91.5,8.27,52.8,0
52.2,6.01,56.8,1
57.2,5.18,83.9,1
80.0,7.64,98.1,0
78.0,9.02,44.7,0
56.9,8.3,63.6,1
85.4,6.99,61.4,1
82.5,8.55,56.6,0
89.9,8.69,77.2,0
87.3,7.11,95.8,0
84.1,6.07,84.5,1
45.0,5.38,41.3,1
93.7,8.72,91.8,0
52.3,6.48,22.7,0
71.1,5.25,56.4,0
83.2,4.47,62.6,1
85.1,8.53,77.2,0
57.7,5.78,56.6,0
85.9,7.75,74.4,0
89.7,9.28,76.2,0
85.7,5.12,76.7,1
83.7,7.1,83.3,0
56.4,6.36,61.1,1
83.9,7.79,71.1,0
80.7,9.1,79.4,0
95.5,5.28,94.7,1
65.5,7.72,55.9,1
76.6,8.68,70.1,0
78.6,6.77,89.6,0
72.8,6.74,52.1,0
96.2,8.09,100.0,0
85.1,7.75,56.0,0
77.3,7.98,66.2,0
69.4,7.79,52.4,0
91.1,5.75,100.0,0
79.5,8.67,65.1,0
63.7,8.64,55.7,0
85.8,7.51,70.9,0
56.8,4.24,60.5,1
86.5,7.05,72.0,0
80.5,7.42,71.3,0
86.5,5.4,24.0,1
73.2,6.39,69.8,1
84.3,4.93,75.9,0
95.3,8.38,97.8,0
56.6,6.9,78.6,1
62.3,4.11,59.6,1
58.2,7.23,72.2,0
85.8,7.12,59.9,0
84.9,8.02,87.4,1
45.8,5.79,43.9,1
78.5,5.79,54.4,1
63.1,5.53,60.1,1
82.6,6.29,95.5,1
56.1,6.65,61.4,1
70.2,7.14,89.5,0
90.0,6.99,67.8,0
81.4,6.45,89.6,0
64.4,6.23,53.9,0
44.6,10.0,55.2,0
69.3,5.65,69.8,1
77.7,6.16,81.5,0
99.8,10.0,88.6,0
90.7,7.99,68.3,0
72.1,4.73,81.5,1
91.9,8.69,100.0,0
78.6,5.62,63.4,1
82.1,8.6,46.7,0
96.0,7.08,90.1,0
53.5,5.87,52.1,0
69.6,9.47,64.8,0
79.0,7.99,80.7,1
86.9,8.8,70.3,0
78.7,7.77,68.2,0
88.9,6.57,76.8,0
92.6,8.33,100.0,0
94.0,9.31,81.8,0
81.7,7.35,55.5,0
78.1,9.95,53.9,0
92.2,8.7,82.4,0
82.8,7.49,57.7,0
83.4,7.57,51.6,0
81.4,7.35,83.4,0
87.5,5.25,87.8,0
74.5,6.85,64.2,0
87.9,7.61,82.1,0
75.7,6.35,73.2,0
74.8,7.54,78.9,0
57.4,6.68,68.5,0
90.2,8.54,40.0,0
68.5,7.93,62.5,0
74.2,7.25,77.3,0
43.9,4.19,45.2,1
81.8,10.0,74.6,0
68.7,6.65,77.5,0
81.1,6.99,74.9,0
66.0,6.27,87.2,0
74.8,6.21,86.8,0
45.8,8.89,50.7,0
89.1,9.5,75.5,0
65.5,7.52,21.6,1
58.9,6.51,55.5,1
99.4,8.48,64.3,0
73.4,7.09,72.4,0
69.9,6.59,69.3,0
44.7,6.94,62.3,0
85.0,6.49,96.9,0
85.4,7.61,75.8,0
79.1,7.41,100.0,0
92.2,8.31,83.8,0
76.8,6.05,51.5,0
85.4,8.34,67.8,0
65.5,5.36,58.7,0
63.1,5.85,71.7,0
90.4,6.46,65.0,0
53.5,4.86,52.6,1
72.7,8.58,66.2,0
64.4,5.24,56.9,1
81.2,6.01,85.9,0
61.7,8.74,71.6,0
82.2,6.23,91.8,1
55.9,6.32,53.6,1
67.7,5.23,83.6,1
83.2,8.5,54.5,0
91.9,8.69,59.3,0
78.0,8.24,53.6,0
52.7,7.41,56.8,0
86.4,7.35,94.9,0
77.7,6.22,62.6,1
54.2,5.28,50.4,0
83.2,9.23,71.7,0
93.5,8.59,89.7,0
82.5,6.04,67.3,0
63.0,6.82,54.8,1
90.2,6.82,58.9,0
45.5,4.6,43.7,1
92.8,7.64,98.3,0
93.0,6.7,82.2,0
90.5,5.79,68.2,0
37.6,3.89,66.1,1
87.7,4.75,68.9,1
52.5,5.96,77.8,1
86.8,7.1,98.2,0
65.1,5.4,64.9,1
81.1,8.16,51.2,0
92.1,7.24,100.0,0
59.9,7.62,66.7,0
79.1,6.79,67.6,0
80.9,5.86,87.9,0
84.2,7.37,86.0,0
63.7,4.75,82.9,1
54.5,7.45,47.8,1
71.8,5.44,72.9,1
43.9,7.85,33.5,1
78.7,6.53,82.2,1
89.9,9.0,78.6,0
69.7,5.1,71.0,1
83.0,6.08,72.6,1
55.9,7.23,54.8,1
60.9,8.59,48.5,0
60.5,9.38,73.2,0
69.4,6.95,89.0,1
67.7,9.79,57.3,0
78.1,6.6,80.2,1
77.2,8.8,77.8,0
87.9,5.75,77.8,0
62.7,7.43,39.7,0
96.1,3.68,63.1,1
56.5,4.84,47.2,1
92.8,8.1,48.6,0
66.0,4.72,85.7,1
73.8,7.66,74.8,0
84.7,8.64,75.3,0
95.2,6.6,49.3,0
57.7,5.1,32.2,1
63.7,6.02,63.2,0
81.2,5.58,100.0,1
69.6,6.73,56.3,1
70.8,7.08,80.4,1
43.2,5.87,43.7,0
93.3,10.0,81.8,0
87.1,6.09,95.5,1
94.0,9.61,76.2,0
93.4,5.7,70.7,0
71.4,7.04,89.1,0
83.6,9.06,75.8,0
74.1,8.79,85.8,0
83.5,6.5,64.8,1
97.0,8.33,100.0,0
78.9,7.75,76.5,0
75.1,6.14,76.6,1
69.0,7.87,68.4,1
66.9,9.82,57.5,0
91.5,8.09,79.9,0
58.0,7.57,53.2,0
55.7,7.69,72.8,1
92.3,5.01,77.3,1
52.9,7.29,34.3,1
65.0,5.17,38.8,1
77.9,6.11,45.9,1
54.1,10.0,66.7,0
89.6,6.89,61.5,0
82.6,5.97,79.1,0
65.7,8.66,66.5,0
89.7,5.78,77.8,0
84.3,6.47,82.1,0
86.8,9.23,79.4,0
82.5,7.22,33.8,0
35.2,3.71,41.3,1
54.3,7.46,64.0,1
68.4,6.23,90.6,1
81.2,9.59,99.0,0
53.9,5.61,36.9,1
94.4,9.07,76.4,0
75.2,9.84,46.6,0
44.0,5.02,74.2,1
97.8,7.15,98.9,0
72.6,7.57,73.8,0
77.0,5.67,73.7,0
89.7,7.73,99.5,0
73.5,6.61,87.3,1
93.6,6.98,98.5,0
82.1,7.22,81.1,0
70.4,7.02,62.0,0
88.5,7.53,89.6,0
86.7,6.28,89.3,0
52.5,5.66,53.6,1
97.4,7.26,78.2,0
75.0,6.93,87.0,1
79.5,6.39,97.7,0
31.0,6.64,32.3,1
70.5,4.01,63.4,1
85.1,6.03,81.3,0
80.9,6.67,80.8,0
70.8,5.55,59.6,1
52.1,9.15,84.5,0
76.5,7.06,77.2,0
53.6,6.85,65.1,1
90.9,6.55,100.0,0
49.7,6.47,48.1,0
89.0,5.34,77.1,1
69.8,6.62,48.1,1
92.7,5.85,78.0,1
63.4,6.32,40.7,0
53.8,2.48,68.5,1
76.3,5.22,77.1,0
87.0,9.58,73.1,0
89.4,8.62,77.1,0
65.1,8.91,75.5,0
59.4,8.91,43.6,1
60.4,7.78,64.3,0
66.3,6.1,75.3,0
44.6,4.73,25.0,1
71.5,8.76,78.2,0
83.1,7.26,49.7,1
76.1,10.0,68.9,0
74.9,6.41,52.5,0
77.0,10.0,92.7,0
79.2,6.83,55.2,0
57.7,8.79,34.9,0
75.7,9.73,72.4,0
83.4,5.53,68.8,0
74.3,6.21,47.0,0
46.0,4.77,60.5,1
68.3,4.9,36.1,1
86.7,8.3,61.5,0
86.2,6.91,68.1,0
89.9,7.38,90.9,0
64.6,7.68,83.2,0
79.0,4.11,88.9,1
75.0,9.06,67.7,0
73.5,6.41,32.7,1
96.4,8.28,88.7,0
91.2,8.32,100.0,0
94.8,9.59,100.0,0
54.5,6.42,64.6,0
52.2,3.15,38.5,1
84.3,7.28,67.7,0
85.0,7.52,100.0,0
89.0,5.63,57.2,0
95.7,7.65,65.2,0
82.7,6.58,88.7,0
67.4,4.7,59.0,1
66.9,7.91,47.4,1
96.4,6.53,100.0,0
86.8,6.59,84.0,1
92.5,6.61,74.7,0
46.8,8.41,35.9,1
91.8,7.27,100.0,0
55.4,6.73,57.9,1
83.4,6.46,96.0,0
77.1,7.78,84.7,0
55.2,8.76,50.3,1
81.5,8.17,66.2,0
58.5,7.77,81.8,1
72.8,7.92,90.6,0
64.2,4.57,35.3,1
61.0,5.32,69.8,0
88.1,6.93,76.0,1
84.3,6.02,60.1,0
73.1,5.26,72.8,0
69.6,3.9,46.5,1
66.5,4.67,57.9,1
90.0,6.89,67.0,0
69.5,6.78,59.2,1
85.1,5.93,75.0,0
71.9,7.06,52.9,1
60.2,6.01,84.7,1
70.0,8.64,74.4,0
52.4,6.29,83.4,0
70.1,8.02,64.7,0
83.0,7.49,66.6,0
86.0,4.98,100.0,0
81.9,6.99,65.5,0
49.7,4.52,52.1,1
63.8,6.6,74.1,0
43.0,5.17,32.2,1
89.4,7.9,89.3,0
59.8,4.55,69.7,1
81.1,7.15,92.7,0
74.9,7.91,83.3,0
77.8,8.51,91.2,0
71.7,5.71,66.3,1
80.3,7.13,60.3,0
79.6,7.39,100.0,0
66.3,9.3,41.9,0
59.3,4.32,39.2,1
76.0,5.56,79.1,0
84.0,10.0,99.8,0
67.2,6.41,68.2,0
75.5,3.98,85.3,1
56.1,5.69,28.8,1
75.7,2.58,62.9,1
63.5,7.15,35.0,0
95.9,8.71,94.2,0
54.4,5.13,34.4,0
88.0,6.51,58.6,1
56.5,8.11,66.6,0
83.1,4.36,90.8,1
79.9,4.98,70.6,0
80.3,6.74,81.7,0
81.8,5.93,82.1,1
56.6,6.16,55.7,0
78.6,5.05,55.7,0
44.4,6.73,60.1,1
57.8,6.42,68.9,0
65.4,7.69,77.7,0
86.3,7.55,81.5,0
66.2,7.16,47.2,0
51.9,4.22,66.5,1
66.5,7.62,64.9,0
94.6,6.86,74.5,0
62.5,6.48,58.1,1
78.1,8.74,61.5,0
95.4,6.26,95.6,0
98.4,9.63,62.8,0
88.3,9.58,63.1,0
96.3,8.63,77.8,0
75.2,5.43,94.3,0
96.6,3.93,98.8,0
64.8,8.52,39.3,0
91.9,7.52,100.0,0
64.7,5.6,84.1,1
93.1,9.24,63.2,0
81.4,5.75,36.0,1
59.1,6.0,59.4,1
42.3,7.19,67.2,0
59.8,4.91,84.8,1
90.0,7.13,65.9,0
69.2,8.63,92.8,0
53.4,6.91,23.6,1
87.2,9.24,71.8,0
93.8,9.19,75.0,0
62.7,6.77,79.9,1
87.5,3.51,97.0,1
44.6,4.62,66.1,1
71.3,8.15,47.5,0
73.4,4.49,82.0,0
72.1,6.42,75.9,0
40.9,6.86,24.5,0
88.8,9.63,47.3,0
80.9,6.2,89.1,0
83.4,6.14,72.4,1
72.7,6.87,49.3,1
75.2,7.57,67.0,0
68.1,6.62,71.3,1
90.2,8.98,77.9,0
68.2,5.59,42.6,1
93.2,7.56,100.0,0
82.2,7.86,89.4,0
68.2,6.22,60.9,1
76.2,8.37,66.3,0
74.0,7.22,74.8,0
72.1,8.2,51.3,0
65.7,7.12,69.3,0
67.9,7.46,45.8,0
82.2,6.13,73.3,0
75.7,6.01,52.9,1
79.8,9.05,56.1,0
86.2,8.24,100.0,0
61.3,5.09,62.7,1
74.5,7.28,72.8,1
71.4,3.13,37.7,1
38.4,5.35,39.1,1
67.3,8.38,72.3,0
74.6,6.79,72.7,0
93.7,7.56,48.9,0
62.9,1.93,65.8,1
46.4,5.8,58.3,1
75.2,7.54,89.4,1
97.1,8.19,73.4,0
87.4,8.79,43.8,0
70.7,6.58,52.4,1
65.2,6.54,47.7,1
68.5,4.74,77.1,0
82.7,6.83,33.8,0
88.6,5.25,71.4,0
83.6,4.22,96.5,1
98.5,5.73,84.2,0
73.5,9.38,82.5,0
49.6,6.06,30.1,1
65.0,7.15,40.0,0
